alcohol;ic_gift_alcohol; alcohol; Bacon ipsum dolor amet burgdoggen brisket cow ball tip capicola pork loin tongue frankfurter drumstick shank swine. T-bone leberkas strip steak jerky turkey pork drumstick beef meatball brisket porchetta. Turducken pork loin kevin pastrami tail burgdoggen. Pork prosciutto bacon meatball ham hock salami
autoregistrator;ic_gift_autoregistrator; autoregistrator; Bacon ipsum dolor amet burgdoggen brisket cow ball tip capicola pork loin tongue frankfurter drumstick shank swine. T-bone leberkas strip steak jerky turkey pork drumstick beef meatball brisket porchetta. Turducken pork loin kevin pastrami tail burgdoggen. Pork prosciutto bacon meatball ham hock salami
backgammon;ic_gift_backgammon; backgammon; Bacon ipsum dolor amet burgdoggen brisket cow ball tip capicola pork loin tongue frankfurter drumstick shank swine. T-bone leberkas strip steak jerky turkey pork drumstick beef meatball brisket porchetta. Turducken pork loin kevin pastrami tail burgdoggen. Pork prosciutto bacon meatball ham hock salami
bag_m;ic_gift_bag_m; bag_m; Bacon ipsum dolor amet burgdoggen brisket cow ball tip capicola pork loin tongue frankfurter drumstick shank swine. T-bone leberkas strip steak jerky turkey pork drumstick beef meatball brisket porchetta. Turducken pork loin kevin pastrami tail burgdoggen. Pork prosciutto bacon meatball ham hock salami
belt;ic_gift_belt; belt; Bacon ipsum dolor amet burgdoggen brisket cow ball tip capicola pork loin tongue frankfurter drumstick shank swine. T-bone leberkas strip steak jerky turkey pork drumstick beef meatball brisket porchetta. Turducken pork loin kevin pastrami tail burgdoggen. Pork prosciutto bacon meatball ham hock salami
bike;ic_gift_bike; bike; Bacon ipsum dolor amet burgdoggen brisket cow ball tip capicola pork loin tongue frankfurter drumstick shank swine. T-bone leberkas strip steak jerky turkey pork drumstick beef meatball brisket porchetta. Turducken pork loin kevin pastrami tail burgdoggen. Pork prosciutto bacon meatball ham hock salami
billiards_card;ic_gift_billiards_card; billiards_card; Bacon ipsum dolor amet burgdoggen brisket cow ball tip capicola pork loin tongue frankfurter drumstick shank swine. T-bone leberkas strip steak jerky turkey pork drumstick beef meatball brisket porchetta. Turducken pork loin kevin pastrami tail burgdoggen. Pork prosciutto bacon meatball ham hock salami
book;ic_gift_book; book; Bacon ipsum dolor amet burgdoggen brisket cow ball tip capicola pork loin tongue frankfurter drumstick shank swine. T-bone leberkas strip steak jerky turkey pork drumstick beef meatball brisket porchetta. Turducken pork loin kevin pastrami tail burgdoggen. Pork prosciutto bacon meatball ham hock salami
buggy_driving;ic_gift_buggy_driving; buggy_driving; Bacon ipsum dolor amet burgdoggen brisket cow ball tip capicola pork loin tongue frankfurter drumstick shank swine. T-bone leberkas strip steak jerky turkey pork drumstick beef meatball brisket porchetta. Turducken pork loin kevin pastrami tail burgdoggen. Pork prosciutto bacon meatball ham hock salami
camera;ic_gift_camera; camera; Bacon ipsum dolor amet burgdoggen brisket cow ball tip capicola pork loin tongue frankfurter drumstick shank swine. T-bone leberkas strip steak jerky turkey pork drumstick beef meatball brisket porchetta. Turducken pork loin kevin pastrami tail burgdoggen. Pork prosciutto bacon meatball ham hock salami
cigars;ic_gift_cigars; cigars; Bacon ipsum dolor amet burgdoggen brisket cow ball tip capicola pork loin tongue frankfurter drumstick shank swine. T-bone leberkas strip steak jerky turkey pork drumstick beef meatball brisket porchetta. Turducken pork loin kevin pastrami tail burgdoggen. Pork prosciutto bacon meatball ham hock salami
clothes_m;ic_gift_clothes_m; clothes_m; Bacon ipsum dolor amet burgdoggen brisket cow ball tip capicola pork loin tongue frankfurter drumstick shank swine. T-bone leberkas strip steak jerky turkey pork drumstick beef meatball brisket porchetta. Turducken pork loin kevin pastrami tail burgdoggen. Pork prosciutto bacon meatball ham hock salami
concert_tikets;ic_gift_concert_tikets; concert_tikets; Bacon ipsum dolor amet burgdoggen brisket cow ball tip capicola pork loin tongue frankfurter drumstick shank swine. T-bone leberkas strip steak jerky turkey pork drumstick beef meatball brisket porchetta. Turducken pork loin kevin pastrami tail burgdoggen. Pork prosciutto bacon meatball ham hock salami
cosmetics_m;ic_gift_cosmetics_m; cosmetics_m; Bacon ipsum dolor amet burgdoggen brisket cow ball tip capicola pork loin tongue frankfurter drumstick shank swine. T-bone leberkas strip steak jerky turkey pork drumstick beef meatball brisket porchetta. Turducken pork loin kevin pastrami tail burgdoggen. Pork prosciutto bacon meatball ham hock salami
diary;ic_gift_diary; diary; Bacon ipsum dolor amet burgdoggen brisket cow ball tip capicola pork loin tongue frankfurter drumstick shank swine. T-bone leberkas strip steak jerky turkey pork drumstick beef meatball brisket porchetta. Turducken pork loin kevin pastrami tail burgdoggen. Pork prosciutto bacon meatball ham hock salami
djlessons_card;ic_gift_djlessons_card; djlessons_card; Bacon ipsum dolor amet burgdoggen brisket cow ball tip capicola pork loin tongue frankfurter drumstick shank swine. T-bone leberkas strip steak jerky turkey pork drumstick beef meatball brisket porchetta. Turducken pork loin kevin pastrami tail burgdoggen. Pork prosciutto bacon meatball ham hock salami
drivinglessons_card;ic_gift_drivinglessons_card; drivinglessons_card; Bacon ipsum dolor amet burgdoggen brisket cow ball tip capicola pork loin tongue frankfurter drumstick shank swine. T-bone leberkas strip steak jerky turkey pork drumstick beef meatball brisket porchetta. Turducken pork loin kevin pastrami tail burgdoggen. Pork prosciutto bacon meatball ham hock salami
drums_card;ic_gift_drums_card; drums_card; Bacon ipsum dolor amet burgdoggen brisket cow ball tip capicola pork loin tongue frankfurter drumstick shank swine. T-bone leberkas strip steak jerky turkey pork drumstick beef meatball brisket porchetta. Turducken pork loin kevin pastrami tail burgdoggen. Pork prosciutto bacon meatball ham hock salami
electric_shaver;ic_gift_electric_shaver; electric_shaver; Bacon ipsum dolor amet burgdoggen brisket cow ball tip capicola pork loin tongue frankfurter drumstick shank swine. T-bone leberkas strip steak jerky turkey pork drumstick beef meatball brisket porchetta. Turducken pork loin kevin pastrami tail burgdoggen. Pork prosciutto bacon meatball ham hock salami
ereader;ic_gift_ereader; ereader; Bacon ipsum dolor amet burgdoggen brisket cow ball tip capicola pork loin tongue frankfurter drumstick shank swine. T-bone leberkas strip steak jerky turkey pork drumstick beef meatball brisket porchetta. Turducken pork loin kevin pastrami tail burgdoggen. Pork prosciutto bacon meatball ham hock salami
excursion_card;ic_gift_excursion_card; excursion_card; Bacon ipsum dolor amet burgdoggen brisket cow ball tip capicola pork loin tongue frankfurter drumstick shank swine. T-bone leberkas strip steak jerky turkey pork drumstick beef meatball brisket porchetta. Turducken pork loin kevin pastrami tail burgdoggen. Pork prosciutto bacon meatball ham hock salami
fishing_card;ic_gift_fishing_card; fishing_card; Bacon ipsum dolor amet burgdoggen brisket cow ball tip capicola pork loin tongue frankfurter drumstick shank swine. T-bone leberkas strip steak jerky turkey pork drumstick beef meatball brisket porchetta. Turducken pork loin kevin pastrami tail burgdoggen. Pork prosciutto bacon meatball ham hock salami
fishing;ic_gift_fishing; fishing; Bacon ipsum dolor amet burgdoggen brisket cow ball tip capicola pork loin tongue frankfurter drumstick shank swine. T-bone leberkas strip steak jerky turkey pork drumstick beef meatball brisket porchetta. Turducken pork loin kevin pastrami tail burgdoggen. Pork prosciutto bacon meatball ham hock salami
flashmemory;ic_gift_flashmemory; flashmemory; Bacon ipsum dolor amet burgdoggen brisket cow ball tip capicola pork loin tongue frankfurter drumstick shank swine. T-bone leberkas strip steak jerky turkey pork drumstick beef meatball brisket porchetta. Turducken pork loin kevin pastrami tail burgdoggen. Pork prosciutto bacon meatball ham hock salami
foot_warmer;ic_gift_foot_warmer; foot_warmer; Bacon ipsum dolor amet burgdoggen brisket cow ball tip capicola pork loin tongue frankfurter drumstick shank swine. T-bone leberkas strip steak jerky turkey pork drumstick beef meatball brisket porchetta. Turducken pork loin kevin pastrami tail burgdoggen. Pork prosciutto bacon meatball ham hock salami
gamesclub_card;ic_gift_gamesclub_card; gamesclub_card; Bacon ipsum dolor amet burgdoggen brisket cow ball tip capicola pork loin tongue frankfurter drumstick shank swine. T-bone leberkas strip steak jerky turkey pork drumstick beef meatball brisket porchetta. Turducken pork loin kevin pastrami tail burgdoggen. Pork prosciutto bacon meatball ham hock salami
glasses;ic_gift_glasses; glasses; Bacon ipsum dolor amet burgdoggen brisket cow ball tip capicola pork loin tongue frankfurter drumstick shank swine. T-bone leberkas strip steak jerky turkey pork drumstick beef meatball brisket porchetta. Turducken pork loin kevin pastrami tail burgdoggen. Pork prosciutto bacon meatball ham hock salami
grilkit;ic_gift_grilkit; grilkit; Bacon ipsum dolor amet burgdoggen brisket cow ball tip capicola pork loin tongue frankfurter drumstick shank swine. T-bone leberkas strip steak jerky turkey pork drumstick beef meatball brisket porchetta. Turducken pork loin kevin pastrami tail burgdoggen. Pork prosciutto bacon meatball ham hock salami
guitarlessons_card;ic_gift_guitarlessons_card; guitarlessons_card; Bacon ipsum dolor amet burgdoggen brisket cow ball tip capicola pork loin tongue frankfurter drumstick shank swine. T-bone leberkas strip steak jerky turkey pork drumstick beef meatball brisket porchetta. Turducken pork loin kevin pastrami tail burgdoggen. Pork prosciutto bacon meatball ham hock salami
gym_m;ic_gift_gym_m; gym_m; Bacon ipsum dolor amet burgdoggen brisket cow ball tip capicola pork loin tongue frankfurter drumstick shank swine. T-bone leberkas strip steak jerky turkey pork drumstick beef meatball brisket porchetta. Turducken pork loin kevin pastrami tail burgdoggen. Pork prosciutto bacon meatball ham hock salami
headphones;ic_gift_headphones; headphones; Bacon ipsum dolor amet burgdoggen brisket cow ball tip capicola pork loin tongue frankfurter drumstick shank swine. T-bone leberkas strip steak jerky turkey pork drumstick beef meatball brisket porchetta. Turducken pork loin kevin pastrami tail burgdoggen. Pork prosciutto bacon meatball ham hock salami
health_m;ic_gift_health_m; health_m; Bacon ipsum dolor amet burgdoggen brisket cow ball tip capicola pork loin tongue frankfurter drumstick shank swine. T-bone leberkas strip steak jerky turkey pork drumstick beef meatball brisket porchetta. Turducken pork loin kevin pastrami tail burgdoggen. Pork prosciutto bacon meatball ham hock salami
karting_card;ic_gift_karting_card; karting_card; Bacon ipsum dolor amet burgdoggen brisket cow ball tip capicola pork loin tongue frankfurter drumstick shank swine. T-bone leberkas strip steak jerky turkey pork drumstick beef meatball brisket porchetta. Turducken pork loin kevin pastrami tail burgdoggen. Pork prosciutto bacon meatball ham hock salami
keyholder;ic_gift_keyholder; keyholder; Bacon ipsum dolor amet burgdoggen brisket cow ball tip capicola pork loin tongue frankfurter drumstick shank swine. T-bone leberkas strip steak jerky turkey pork drumstick beef meatball brisket porchetta. Turducken pork loin kevin pastrami tail burgdoggen. Pork prosciutto bacon meatball ham hock salami
laptop;ic_gift_laptop; laptop; Bacon ipsum dolor amet burgdoggen brisket cow ball tip capicola pork loin tongue frankfurter drumstick shank swine. T-bone leberkas strip steak jerky turkey pork drumstick beef meatball brisket porchetta. Turducken pork loin kevin pastrami tail burgdoggen. Pork prosciutto bacon meatball ham hock salami
magicball;ic_gift_magicball; magicball; Bacon ipsum dolor amet burgdoggen brisket cow ball tip capicola pork loin tongue frankfurter drumstick shank swine. T-bone leberkas strip steak jerky turkey pork drumstick beef meatball brisket porchetta. Turducken pork loin kevin pastrami tail burgdoggen. Pork prosciutto bacon meatball ham hock salami
massager;ic_gift_massager; massager; Bacon ipsum dolor amet burgdoggen brisket cow ball tip capicola pork loin tongue frankfurter drumstick shank swine. T-bone leberkas strip steak jerky turkey pork drumstick beef meatball brisket porchetta. Turducken pork loin kevin pastrami tail burgdoggen. Pork prosciutto bacon meatball ham hock salami
model;ic_gift_model; model; Bacon ipsum dolor amet burgdoggen brisket cow ball tip capicola pork loin tongue frankfurter drumstick shank swine. T-bone leberkas strip steak jerky turkey pork drumstick beef meatball brisket porchetta. Turducken pork loin kevin pastrami tail burgdoggen. Pork prosciutto bacon meatball ham hock salami
parfume_m_1;ic_gift_parfume_m_1; parfume_m_1; Bacon ipsum dolor amet burgdoggen brisket cow ball tip capicola pork loin tongue frankfurter drumstick shank swine. T-bone leberkas strip steak jerky turkey pork drumstick beef meatball brisket porchetta. Turducken pork loin kevin pastrami tail burgdoggen. Pork prosciutto bacon meatball ham hock salami
parfume_m;ic_gift_parfume_m; parfume_m; Bacon ipsum dolor amet burgdoggen brisket cow ball tip capicola pork loin tongue frankfurter drumstick shank swine. T-bone leberkas strip steak jerky turkey pork drumstick beef meatball brisket porchetta. Turducken pork loin kevin pastrami tail burgdoggen. Pork prosciutto bacon meatball ham hock salami
phone_m;ic_gift_phone_m; phone_m; Bacon ipsum dolor amet burgdoggen brisket cow ball tip capicola pork loin tongue frankfurter drumstick shank swine. T-bone leberkas strip steak jerky turkey pork drumstick beef meatball brisket porchetta. Turducken pork loin kevin pastrami tail burgdoggen. Pork prosciutto bacon meatball ham hock salami
photo_card;ic_gift_photo_card; photo_card; Bacon ipsum dolor amet burgdoggen brisket cow ball tip capicola pork loin tongue frankfurter drumstick shank swine. T-bone leberkas strip steak jerky turkey pork drumstick beef meatball brisket porchetta. Turducken pork loin kevin pastrami tail burgdoggen. Pork prosciutto bacon meatball ham hock salami
ps;ic_gift_ps; ps; Bacon ipsum dolor amet burgdoggen brisket cow ball tip capicola pork loin tongue frankfurter drumstick shank swine. T-bone leberkas strip steak jerky turkey pork drumstick beef meatball brisket porchetta. Turducken pork loin kevin pastrami tail burgdoggen. Pork prosciutto bacon meatball ham hock salami
purse;ic_gift_purse; purse; Bacon ipsum dolor amet burgdoggen brisket cow ball tip capicola pork loin tongue frankfurter drumstick shank swine. T-bone leberkas strip steak jerky turkey pork drumstick beef meatball brisket porchetta. Turducken pork loin kevin pastrami tail burgdoggen. Pork prosciutto bacon meatball ham hock salami
quest_card;ic_gift_quest_card; quest_card; Bacon ipsum dolor amet burgdoggen brisket cow ball tip capicola pork loin tongue frankfurter drumstick shank swine. T-bone leberkas strip steak jerky turkey pork drumstick beef meatball brisket porchetta. Turducken pork loin kevin pastrami tail burgdoggen. Pork prosciutto bacon meatball ham hock salami
razor;ic_gift_razor; razor; Bacon ipsum dolor amet burgdoggen brisket cow ball tip capicola pork loin tongue frankfurter drumstick shank swine. T-bone leberkas strip steak jerky turkey pork drumstick beef meatball brisket porchetta. Turducken pork loin kevin pastrami tail burgdoggen. Pork prosciutto bacon meatball ham hock salami
seat_covers;ic_gift_seat_covers; seat_covers; Bacon ipsum dolor amet burgdoggen brisket cow ball tip capicola pork loin tongue frankfurter drumstick shank swine. T-bone leberkas strip steak jerky turkey pork drumstick beef meatball brisket porchetta. Turducken pork loin kevin pastrami tail burgdoggen. Pork prosciutto bacon meatball ham hock salami
shavingkit;ic_gift_shavingkit; shavingkit; Bacon ipsum dolor amet burgdoggen brisket cow ball tip capicola pork loin tongue frankfurter drumstick shank swine. T-bone leberkas strip steak jerky turkey pork drumstick beef meatball brisket porchetta. Turducken pork loin kevin pastrami tail burgdoggen. Pork prosciutto bacon meatball ham hock salami
Shop_card_m;ic_gift_Shop_card_m; Shop_card_m; Bacon ipsum dolor amet burgdoggen brisket cow ball tip capicola pork loin tongue frankfurter drumstick shank swine. T-bone leberkas strip steak jerky turkey pork drumstick beef meatball brisket porchetta. Turducken pork loin kevin pastrami tail burgdoggen. Pork prosciutto bacon meatball ham hock salami
skateboard;ic_gift_skateboard; skateboard; Bacon ipsum dolor amet burgdoggen brisket cow ball tip capicola pork loin tongue frankfurter drumstick shank swine. T-bone leberkas strip steak jerky turkey pork drumstick beef meatball brisket porchetta. Turducken pork loin kevin pastrami tail burgdoggen. Pork prosciutto bacon meatball ham hock salami
skewerkit;ic_gift_skewerkit; skewerkit; Bacon ipsum dolor amet burgdoggen brisket cow ball tip capicola pork loin tongue frankfurter drumstick shank swine. T-bone leberkas strip steak jerky turkey pork drumstick beef meatball brisket porchetta. Turducken pork loin kevin pastrami tail burgdoggen. Pork prosciutto bacon meatball ham hock salami
sleepwear_m;ic_gift_sleepwear_m; sleepwear_m; Bacon ipsum dolor amet burgdoggen brisket cow ball tip capicola pork loin tongue frankfurter drumstick shank swine. T-bone leberkas strip steak jerky turkey pork drumstick beef meatball brisket porchetta. Turducken pork loin kevin pastrami tail burgdoggen. Pork prosciutto bacon meatball ham hock salami
smartwatch;ic_gift_smartwatch; smartwatch; Bacon ipsum dolor amet burgdoggen brisket cow ball tip capicola pork loin tongue frankfurter drumstick shank swine. T-bone leberkas strip steak jerky turkey pork drumstick beef meatball brisket porchetta. Turducken pork loin kevin pastrami tail burgdoggen. Pork prosciutto bacon meatball ham hock salami
smoking_pipe;ic_gift_smoking_pipe; smoking_pipe; Bacon ipsum dolor amet burgdoggen brisket cow ball tip capicola pork loin tongue frankfurter drumstick shank swine. T-bone leberkas strip steak jerky turkey pork drumstick beef meatball brisket porchetta. Turducken pork loin kevin pastrami tail burgdoggen. Pork prosciutto bacon meatball ham hock salami
sneakers;ic_gift_sneakers; sneakers; Bacon ipsum dolor amet burgdoggen brisket cow ball tip capicola pork loin tongue frankfurter drumstick shank swine. T-bone leberkas strip steak jerky turkey pork drumstick beef meatball brisket porchetta. Turducken pork loin kevin pastrami tail burgdoggen. Pork prosciutto bacon meatball ham hock salami
soccer_ticket;ic_gift_soccer_ticket; soccer_ticket; Bacon ipsum dolor amet burgdoggen brisket cow ball tip capicola pork loin tongue frankfurter drumstick shank swine. T-bone leberkas strip steak jerky turkey pork drumstick beef meatball brisket porchetta. Turducken pork loin kevin pastrami tail burgdoggen. Pork prosciutto bacon meatball ham hock salami
sport_stuff;ic_gift_sport_stuff; sport_stuff; Bacon ipsum dolor amet burgdoggen brisket cow ball tip capicola pork loin tongue frankfurter drumstick shank swine. T-bone leberkas strip steak jerky turkey pork drumstick beef meatball brisket porchetta. Turducken pork loin kevin pastrami tail burgdoggen. Pork prosciutto bacon meatball ham hock salami
thermocup;ic_gift_thermocup; thermocup; Bacon ipsum dolor amet burgdoggen brisket cow ball tip capicola pork loin tongue frankfurter drumstick shank swine. T-bone leberkas strip steak jerky turkey pork drumstick beef meatball brisket porchetta. Turducken pork loin kevin pastrami tail burgdoggen. Pork prosciutto bacon meatball ham hock salami
tonometr;ic_gift_tonometr; tonometr; Bacon ipsum dolor amet burgdoggen brisket cow ball tip capicola pork loin tongue frankfurter drumstick shank swine. T-bone leberkas strip steak jerky turkey pork drumstick beef meatball brisket porchetta. Turducken pork loin kevin pastrami tail burgdoggen. Pork prosciutto bacon meatball ham hock salami
tools;ic_gift_tools; tools; Bacon ipsum dolor amet burgdoggen brisket cow ball tip capicola pork loin tongue frankfurter drumstick shank swine. T-bone leberkas strip steak jerky turkey pork drumstick beef meatball brisket porchetta. Turducken pork loin kevin pastrami tail burgdoggen. Pork prosciutto bacon meatball ham hock salami
travel_case;ic_gift_travel_case; travel_case; Bacon ipsum dolor amet burgdoggen brisket cow ball tip capicola pork loin tongue frankfurter drumstick shank swine. T-bone leberkas strip steak jerky turkey pork drumstick beef meatball brisket porchetta. Turducken pork loin kevin pastrami tail burgdoggen. Pork prosciutto bacon meatball ham hock salami
traveltour_tickets;ic_gift_traveltour_tickets; traveltour_tickets; Bacon ipsum dolor amet burgdoggen brisket cow ball tip capicola pork loin tongue frankfurter drumstick shank swine. T-bone leberkas strip steak jerky turkey pork drumstick beef meatball brisket porchetta. Turducken pork loin kevin pastrami tail burgdoggen. Pork prosciutto bacon meatball ham hock salami
umbrella_m;ic_gift_umbrella_m; umbrella_m; Bacon ipsum dolor amet burgdoggen brisket cow ball tip capicola pork loin tongue frankfurter drumstick shank swine. T-bone leberkas strip steak jerky turkey pork drumstick beef meatball brisket porchetta. Turducken pork loin kevin pastrami tail burgdoggen. Pork prosciutto bacon meatball ham hock salami
watch_m;ic_gift_watch_m; watch_m; Bacon ipsum dolor amet burgdoggen brisket cow ball tip capicola pork loin tongue frankfurter drumstick shank swine. T-bone leberkas strip steak jerky turkey pork drumstick beef meatball brisket porchetta. Turducken pork loin kevin pastrami tail burgdoggen. Pork prosciutto bacon meatball ham hock salami
weekend_card;ic_gift_weekend_card; weekend_card; Bacon ipsum dolor amet burgdoggen brisket cow ball tip capicola pork loin tongue frankfurter drumstick shank swine. T-bone leberkas strip steak jerky turkey pork drumstick beef meatball brisket porchetta. Turducken pork loin kevin pastrami tail burgdoggen. Pork prosciutto bacon meatball ham hock salami
xbox;ic_gift_xbox; xbox; Bacon ipsum dolor amet burgdoggen brisket cow ball tip capicola pork loin tongue frankfurter drumstick shank swine. T-bone leberkas strip steak jerky turkey pork drumstick beef meatball brisket porchetta. Turducken pork loin kevin pastrami tail burgdoggen. Pork prosciutto bacon meatball ham hock salami
